City_ID,City,Country,Lat,Lng,Max Temp,Humidity,Cloudiness,Wind Speed,Current Description
0,Kapaa,US,22.0752,-159.319,80.58,76,40,5.99,light rain
1,Saldanha,ZA,-33.0117,17.9442,57.99,77,0,14.9,clear sky
2,Hilo,US,19.7297,-155.09,78.28,87,90,4.61,moderate rain
3,Butaritari,KI,3.0707,172.7902,81.41,73,12,12.12,few clouds
4,Yellowknife,CA,62.456,-114.3525,36.41,99,90,5.75,overcast clouds
5,Rio Gallegos,AR,-51.6226,-69.2181,66.25,24,0,19.57,clear sky
6,Cape Town,ZA,-33.9258,18.4232,57.27,67,0,1.01,clear sky
7,Tasiilaq,GL,65.6145,-37.6368,26.76,54,43,7.94,scattered clouds
8,Alekseyevka,RU,50.6309,38.6903,46.27,78,14,6.46,few clouds
9,Castro,BR,-24.7911,-50.0119,58.32,98,100,6.67,overcast clouds
10,Airai,TL,-8.9266,125.4092,61.27,90,8,1.88,clear sky
11,Novo Aripuana,BR,-5.1206,-60.3797,78.53,83,99,5.14,overcast clouds
12,Carutapera,BR,-1.195,-46.02,83.71,69,14,9.15,few clouds
13,Narsaq,GL,60.9167,-46.05,37.62,49,33,3.65,scattered clouds
14,Iglesias,IT,39.3114,8.535,62.02,82,27,1.74,scattered clouds
15,Atuona,PF,-9.8,-139.0333,78.06,77,81,18.63,light rain
16,Owatonna,US,44.0839,-93.226,70.39,33,1,3.0,clear sky
17,Barrow,US,71.2906,-156.7887,21.22,79,90,4.61,heavy snow
18,Pokrovka,KG,42.3414,78.0056,42.89,45,0,7.2,clear sky
19,Key West,US,24.5557,-81.7826,87.8,62,20,6.91,few clouds
20,Jamestown,US,42.097,-79.2353,53.19,89,55,5.99,broken clouds
21,Samarai,PG,-10.6167,150.6667,82.13,80,100,11.43,overcast clouds
22,Arrecife,ES,28.963,-13.5477,75.18,83,0,6.91,clear sky
23,Punta Arenas,CL,-53.15,-70.9167,50.11,66,0,23.02,clear sky
24,Lagoa,PT,39.05,-27.9833,69.76,84,28,19.48,scattered clouds
25,Mikhaylovka,RU,50.06,43.2379,49.78,79,83,2.08,broken clouds
26,Delvada,IN,20.7667,71.0333,77.18,69,42,12.5,scattered clouds
27,Port Elizabeth,ZA,-33.918,25.5701,53.1,93,90,8.05,moderate rain
28,Albany,US,42.6001,-73.9662,57.15,82,99,13.27,overcast clouds
29,Sola,VU,-13.8833,167.55,81.59,77,76,17.16,broken clouds
30,Prado,BR,-17.3411,-39.2208,77.4,79,62,11.3,broken clouds
31,Muros,ES,42.7762,-9.0603,68.85,94,100,8.3,overcast clouds
32,Tautira,PF,-17.7333,-149.15,86.02,79,55,21.36,light rain
33,Cozumel,MX,20.5083,-86.9458,87.87,75,40,3.0,scattered clouds
34,Havre-Saint-Pierre,CA,50.2334,-63.5986,55.99,100,90,20.71,mist
35,Porto Santo,PT,33.072,-16.3415,71.51,88,40,6.91,scattered clouds
36,Kambove,CD,-10.8764,26.5969,71.73,46,67,2.98,broken clouds
37,Blankenburg,DE,51.7833,10.95,47.12,79,100,4.29,overcast clouds
38,Itarema,BR,-2.9248,-39.9167,81.88,76,6,17.49,clear sky
39,Labuhan,ID,-6.8844,112.2051,81.27,79,74,5.97,broken clouds
40,Busselton,AU,-33.65,115.3333,49.05,79,23,7.49,few clouds
41,Olafsvik,IS,64.8945,-23.7142,35.01,96,100,18.97,snow
42,Charcas,MX,23.1333,-101.1167,68.04,49,72,9.62,broken clouds
43,Bluff,NZ,-46.6,168.3333,50.95,87,99,12.39,overcast clouds
44,Port Alfred,ZA,-33.5906,26.891,55.33,71,49,14.83,light rain
45,Hermanus,ZA,-34.4187,19.2345,54.9,63,58,5.32,broken clouds
46,Rosetown,CA,51.5501,-108.0014,76.98,15,5,6.91,clear sky
47,Rikitea,PF,-23.1203,-134.9692,75.63,73,8,13.89,clear sky
48,Koungou,YT,-12.7336,45.2042,76.71,78,0,10.36,clear sky
49,Springbok,ZA,-29.6643,17.8865,51.67,46,0,11.9,clear sky
50,Mataura,NZ,-46.1927,168.8643,49.6,99,100,6.24,overcast clouds
51,Jiquinlaca,HN,14.0,-88.35,90.79,66,94,3.89,overcast clouds
52,Pangkalanbuun,ID,-2.6833,111.6167,75.81,94,100,1.86,overcast clouds
53,Arraial Do Cabo,BR,-22.9661,-42.0278,71.56,88,75,8.05,broken clouds
54,Taltal,CL,-25.4,-70.4833,63.75,61,23,6.31,few clouds
55,Nanortalik,GL,60.1432,-45.2371,36.05,86,97,5.88,overcast clouds
56,Marawi,PH,7.9986,124.2928,66.65,94,23,2.17,few clouds
57,Talikota,IN,16.4833,76.3167,74.95,82,100,13.4,overcast clouds
58,Hami,CN,42.8,93.45,51.55,24,0,3.2,clear sky
59,Clyde River,CA,70.4692,-68.5914,28.2,79,95,11.9,overcast clouds
60,Washington,US,47.5001,-120.5015,66.0,30,100,3.8,overcast clouds
61,Okha,RU,53.5739,142.9478,30.42,87,100,23.85,light snow
62,Hualmay,PE,-11.0964,-77.6139,66.56,77,100,10.11,overcast clouds
63,Stanilesti,RO,46.6183,28.1714,45.09,66,19,1.81,light rain
64,Tevaitoa,PF,-16.7833,-151.5,79.95,78,15,17.98,light rain
65,Ushuaia,AR,-54.8,-68.3,46.06,76,75,11.5,broken clouds
66,Matara,LK,5.9485,80.5353,79.12,87,64,15.95,broken clouds
67,Touros,BR,-5.1989,-35.4608,81.5,73,10,15.77,clear sky
68,Torbay,CA,47.6666,-52.7314,43.39,92,90,10.36,overcast clouds
69,Kodiak,US,57.79,-152.4072,41.29,98,100,36.13,moderate rain
70,Victoria,HK,22.2855,114.1577,72.25,79,96,1.01,overcast clouds
71,Umm Lajj,SA,25.0213,37.2685,84.36,54,0,9.73,clear sky
72,Severo-Kurilsk,RU,50.6789,156.125,39.43,76,36,41.52,scattered clouds
73,Bredasdorp,ZA,-34.5322,20.0403,48.27,70,18,1.59,few clouds
74,Geraldton,AU,-28.7667,114.6,48.61,93,40,12.66,scattered clouds
75,Tomatlan,MX,19.9333,-105.25,90.3,59,4,7.31,clear sky
76,San Patricio,US,28.017,-97.5169,77.09,33,100,7.27,overcast clouds
77,Yaan,NG,7.3833,8.5667,75.47,88,46,4.97,scattered clouds
78,Stonewall,CA,50.1344,-97.3268,68.99,39,0,14.0,clear sky
79,Vaini,TO,-21.2,-175.2,77.16,88,40,9.22,scattered clouds
80,Khatanga,RU,71.9667,102.5,32.83,99,100,12.62,light snow
81,Qaanaaq,GL,77.484,-69.3632,24.48,84,100,9.53,overcast clouds
82,Abu Samrah,SY,35.3029,37.1841,65.52,74,0,14.7,clear sky
83,Melville,US,40.7934,-73.4151,64.17,56,75,4.0,broken clouds
84,Tuatapere,NZ,-46.1333,167.6833,50.02,93,100,9.24,overcast clouds
85,Georgetown,MY,5.4112,100.3354,78.89,90,20,0.0,few clouds
86,Petropavlovsk-Kamchatskiy,RU,53.0452,158.6483,36.19,81,75,13.42,light intensity shower rain
87,Vozrozhdeniye,RU,44.5503,38.2136,51.24,83,33,3.65,scattered clouds
88,Itaituba,BR,-4.2761,-55.9836,89.76,70,75,11.5,thunderstorm
89,Ahipara,NZ,-35.1667,173.1667,61.75,91,22,6.35,few clouds
90,Hithadhoo,MV,-0.6,73.0833,81.7,79,78,12.84,broken clouds
91,Salmas,IR,38.1973,44.7653,59.99,30,0,9.69,clear sky
92,Poronaysk,RU,49.2167,143.1167,31.1,65,6,16.49,clear sky
93,Hasaki,JP,35.7333,140.8333,50.4,58,72,20.8,broken clouds
94,Mar Del Plata,AR,-38.0023,-57.5575,62.62,39,0,1.99,clear sky
95,Mahebourg,MU,-20.4081,57.7,73.26,75,47,16.78,scattered clouds
96,Vardo,NO,70.3705,31.1107,40.98,87,75,25.32,broken clouds
97,Norman Wells,CA,65.282,-126.8329,28.44,86,90,2.3,light snow
98,Krasnoselkup,RU,65.7,82.4667,38.77,94,100,14.2,overcast clouds
99,Avera,US,33.194,-82.5271,71.71,35,0,6.29,clear sky
100,Fortuna,US,40.5982,-124.1573,59.18,72,75,1.99,moderate rain
101,Lebu,CL,-37.6167,-73.65,55.35,72,0,19.3,clear sky
102,Dengzhou,CN,37.8086,120.7508,46.53,57,2,9.8,clear sky
103,Puerto Ayora,EC,-0.7393,-90.3518,78.76,83,96,8.01,light rain
104,Usinsk,RU,65.9939,57.5281,34.63,92,41,11.32,scattered clouds
105,Faya,SA,18.3851,42.4509,66.31,24,3,5.88,clear sky
106,Thunder Bay,CA,48.4001,-89.3168,63.55,41,20,12.66,few clouds
107,Boa Vista,BR,2.8197,-60.6733,96.78,36,20,5.75,few clouds
108,Port Augusta,AU,-32.5,137.7667,53.74,58,85,1.63,overcast clouds
109,Yulara,AU,-25.2406,130.9889,66.04,30,6,6.91,clear sky
110,Indiaroba,BR,-11.5192,-37.5117,79.07,68,79,5.95,broken clouds
111,Plettenberg Bay,ZA,-34.0527,23.3716,52.23,77,28,5.99,light rain
112,Cabo San Lucas,MX,22.8909,-109.9124,91.62,65,40,4.61,scattered clouds
113,Ludvika,SE,60.1496,15.1878,39.33,64,0,7.92,clear sky
114,Birao,CF,10.2849,22.7882,74.55,81,17,3.38,few clouds
115,Norrtalje,SE,59.758,18.705,43.84,57,0,11.05,clear sky
116,Hammelburg,DE,50.1167,9.9,49.33,91,100,1.36,overcast clouds
117,Den Helder,NL,52.9599,4.7593,55.38,83,90,13.0,overcast clouds
118,Pevek,RU,69.7008,170.3133,8.58,98,71,2.89,broken clouds
119,Padang,ID,-0.9492,100.3543,77.83,87,100,1.41,overcast clouds
120,Comodoro Rivadavia,AR,-45.8667,-67.5,58.86,33,0,14.97,clear sky
121,Richards Bay,ZA,-28.783,32.0377,60.62,89,100,15.61,moderate rain
122,Pinotepa Nacional,MX,16.3167,-98.0167,89.55,55,91,7.56,overcast clouds
123,Iqaluit,CA,63.7506,-68.5145,33.53,80,40,17.0,scattered clouds
124,Ambon,ID,-3.6954,128.1814,77.14,94,40,5.75,scattered clouds
125,Coihaique,CL,-45.5752,-72.0662,54.21,54,75,6.91,broken clouds
126,Sur,OM,22.5667,59.5289,80.26,41,0,6.85,clear sky
127,Linqiong,CN,30.4159,103.4609,55.22,83,100,1.07,overcast clouds
128,Bayir,TR,37.2687,28.2167,54.12,77,3,3.71,clear sky
129,Whitianga,NZ,-36.8333,175.7,62.02,97,98,7.52,overcast clouds
130,Camacha,PT,33.0833,-16.3333,68.76,88,40,6.91,scattered clouds
131,Kuyanovo,RU,55.8014,54.5372,46.45,63,100,6.67,overcast clouds
132,Nikolskoye,RU,59.7035,30.7861,41.88,74,92,10.76,light rain
133,Thompson,CA,55.7435,-97.8558,53.76,47,20,4.61,few clouds
134,Chokurdakh,RU,70.6333,147.9167,-7.42,100,100,2.71,overcast clouds
135,Lompoc,US,34.6391,-120.4579,75.69,67,1,13.8,clear sky
136,New Norfolk,AU,-42.7826,147.0587,51.3,70,100,1.99,overcast clouds
137,Tineo,ES,43.3376,-6.4145,58.24,80,100,4.12,overcast clouds
138,Breznik,BG,42.7414,22.8981,49.21,86,92,2.46,overcast clouds
139,San Luis,AR,-33.295,-66.3356,73.26,20,27,11.12,scattered clouds
140,Nacala,MZ,-14.5428,40.6728,76.64,81,1,10.2,clear sky
141,Bathsheba,BB,13.2167,-59.5167,86.61,74,40,9.22,scattered clouds
142,Byron Bay,AU,-28.65,153.6167,61.88,70,98,5.17,overcast clouds
143,Alta Floresta,BR,-9.8756,-56.0861,93.02,49,20,3.44,few clouds
144,Magadan,RU,59.5667,150.8,17.49,53,100,14.54,overcast clouds
145,Bordighera,IT,43.7806,7.6645,63.55,72,0,8.01,clear sky
146,Coquimbo,CL,-29.9533,-71.3436,64.13,63,0,14.97,clear sky
147,Ozinki,RU,51.1786,49.6769,50.99,62,100,8.08,moderate rain
148,Luderitz,NA,-26.6481,15.1594,60.28,54,27,24.9,scattered clouds
149,Tazovskiy,RU,67.4667,78.7,34.74,93,100,11.54,overcast clouds
150,Bambous Virieux,MU,-20.3428,57.7575,73.22,75,45,16.64,scattered clouds
151,Miranda,CO,3.2499,-76.2281,78.93,97,97,1.63,overcast clouds
152,Sechura,PE,-5.5569,-80.8222,76.48,60,78,15.46,broken clouds
153,Bengkulu,ID,-3.8004,102.2655,75.29,94,100,7.58,overcast clouds
154,Carnarvon,AU,-24.8667,113.6333,68.07,56,90,6.91,overcast clouds
155,Zalantun,CN,48.0,122.7167,27.09,69,77,6.26,broken clouds
156,Dikson,RU,73.5069,80.5464,31.19,99,100,2.62,light snow
157,Garango,BF,11.8,-0.5506,89.56,29,93,1.05,overcast clouds
158,Puerto Lempira,HN,15.2667,-83.7667,82.54,83,40,11.5,thunderstorm
159,Xiongzhou,CN,25.1167,114.3,56.48,80,87,3.22,overcast clouds
160,Missao Velha,BR,-7.2497,-39.1431,95.49,26,40,9.22,scattered clouds
161,Mormugao,IN,15.4,73.8,80.44,80,63,9.98,broken clouds
162,Maumere,ID,-8.6199,122.2111,80.01,82,87,1.92,overcast clouds
163,Port-Gentil,GA,-0.7193,8.7815,78.35,82,79,12.01,broken clouds
164,Santa Rosa,PH,14.3122,121.1114,81.1,82,98,7.87,light rain
165,Goderich,CA,43.7501,-81.7165,57.9,51,27,16.11,scattered clouds
166,Leh,IN,34.1667,77.5833,41.68,79,100,2.44,overcast clouds
167,Codrington,AU,-38.2667,141.9667,43.34,93,50,6.49,scattered clouds
168,Lensk,RU,60.7253,114.9278,22.6,86,100,10.02,overcast clouds
169,Cam Ranh,VN,11.9214,109.1591,76.96,94,40,3.44,scattered clouds
170,Pangnirtung,CA,66.1451,-65.7125,33.8,60,20,3.44,few clouds
171,Esfarayen,IR,37.0765,57.5101,47.86,15,0,5.37,clear sky
172,Kiama,AU,-34.6833,150.8667,59.25,81,48,5.95,scattered clouds
173,Souillac,MU,-20.5167,57.5167,73.36,77,85,14.81,overcast clouds
174,Nizhniy Baskunchak,RU,48.2198,46.8311,55.72,45,100,8.23,overcast clouds
175,Flinders,AU,-34.5833,150.8552,59.05,85,63,1.01,broken clouds
176,Avarua,CK,-21.2078,-159.775,75.25,88,75,6.91,broken clouds
177,Tuktoyaktuk,CA,69.4541,-133.0374,26.6,93,90,9.22,overcast clouds
178,San Fernando,PH,15.0286,120.6898,81.14,89,49,3.94,scattered clouds
179,Jaciara,BR,-15.9653,-54.9683,89.69,47,55,2.71,moderate rain
180,College,US,64.8569,-147.8028,30.2,75,75,3.44,broken clouds
181,La Peca,PE,-5.6111,-78.435,85.48,46,99,3.8,light rain
182,Merritt,CA,50.1123,-120.7942,56.44,57,100,7.45,overcast clouds
183,Kruisfontein,ZA,-34.0033,24.7314,50.88,76,93,10.31,light rain
184,Rapid Valley,US,44.0625,-103.1463,78.6,22,1,5.01,clear sky
185,Ostrovnoy,RU,68.0531,39.5131,37.98,87,96,5.73,overcast clouds
186,Bairiki,KI,1.3292,172.9752,84.2,70,20,8.05,few clouds
187,Faanui,PF,-16.4833,-151.75,80.11,78,2,17.0,light rain
188,Westport,US,41.1415,-73.3579,64.45,54,20,1.99,few clouds
189,El Alto,PE,-4.2714,-81.2147,73.06,75,74,16.17,broken clouds
190,Pervomayskoye,RU,43.919,46.7102,61.77,80,100,6.82,overcast clouds
191,Jacareacanga,BR,-6.2222,-57.7528,76.78,91,95,1.05,overcast clouds
192,Pimentel,PE,-6.8367,-79.9342,70.09,64,0,21.85,clear sky
193,Areia Branca,BR,-4.9561,-37.1369,88.0,73,94,21.12,overcast clouds
194,Iquitos,PE,-3.7481,-73.2472,89.64,62,40,4.61,scattered clouds
195,Yerbogachen,RU,61.2767,108.0108,26.64,87,100,9.73,overcast clouds
196,Vagur,FO,61.4732,-6.8119,47.43,74,100,22.3,overcast clouds
197,Ryki,PL,51.6257,21.9327,49.28,46,100,8.28,overcast clouds
198,Waipawa,NZ,-41.4122,175.5153,58.46,72,5,18.12,clear sky
199,Stafford,GB,52.8052,-2.1164,59.52,73,77,7.18,broken clouds
200,Nguruka,TZ,-5.1092,31.0419,69.71,78,75,3.11,light rain
201,Tiksi,RU,71.6872,128.8694,9.82,89,100,8.84,overcast clouds
202,Sitka,US,57.0531,-135.33,44.49,57,40,4.61,scattered clouds
203,Longyearbyen,SJ,78.2186,15.6401,17.44,67,20,4.61,few clouds
204,Kilrush,IE,52.6397,-9.4833,60.55,93,100,9.04,overcast clouds
205,Zabaykalsk,RU,49.6333,117.3167,21.74,83,4,5.03,clear sky
206,Zasheyek,RU,67.4066,32.5499,33.4,83,98,7.63,overcast clouds
207,Batagay-Alyta,RU,67.8006,130.4114,-5.64,86,72,3.85,broken clouds
208,Victoria Point,AU,-27.5833,153.3,65.48,88,99,1.01,light rain
209,Barreiras,BR,-12.1528,-44.99,87.01,35,98,4.81,overcast clouds
210,Angouleme,FR,45.65,0.15,60.58,73,0,3.44,clear sky
211,Zhangye,CN,38.9342,100.4517,42.96,29,57,2.39,broken clouds
212,Saskylakh,RU,71.9167,114.0833,15.75,90,100,11.1,overcast clouds
213,Lunel,FR,43.6778,4.1361,60.01,88,85,2.3,overcast clouds
214,Mareeba,AU,-17.0,145.4333,70.45,96,60,2.48,broken clouds
215,Langxiang,CN,46.95,128.8833,22.37,49,100,1.68,light snow
216,Tchaourou,BJ,8.8865,2.5975,76.73,78,95,6.08,light rain
217,Goure,NE,13.9835,10.2704,86.02,28,5,3.29,clear sky
218,Vila,PT,42.0304,-8.1588,58.69,93,99,3.51,overcast clouds
219,Gornoye Loo,RU,43.7129,39.6049,63.79,83,100,5.32,overcast clouds
220,Rafai,CF,4.95,23.9167,70.12,97,62,1.39,light rain
221,Calvinia,ZA,-31.4707,19.776,49.91,38,0,4.97,clear sky
222,Bay Roberts,CA,47.5999,-53.2648,44.15,86,100,3.0,overcast clouds
223,Oussouye,SN,12.485,-16.5469,84.38,75,61,7.27,broken clouds
224,Puerto Del Rosario,ES,28.5004,-13.8627,74.88,94,0,8.05,clear sky
225,Alice Springs,AU,-23.7,133.8833,69.35,49,6,8.05,clear sky
226,Bijie,CN,27.3125,105.2942,48.78,94,100,2.39,overcast clouds
227,Isangel,VU,-19.55,169.2667,77.41,89,100,7.18,light rain
228,Balta,UA,47.9355,29.6198,43.48,72,59,5.64,broken clouds
229,Kjollefjord,NO,70.9457,27.3465,39.25,93,75,27.63,broken clouds
230,Mecca,SA,21.4267,39.8261,86.83,33,5,3.6,clear sky
231,Nome,US,64.5011,-165.4064,28.47,60,1,10.36,clear sky
232,Teguldet,RU,57.3064,88.1667,32.38,87,97,4.38,overcast clouds
233,Hobart,AU,-42.8794,147.3294,51.66,79,75,1.99,broken clouds
234,Coracora,PE,-15.0333,-73.7833,64.72,29,55,13.42,broken clouds
235,Talnakh,RU,69.4865,88.3972,34.27,100,100,6.38,light rain
236,Dingle,PH,10.9995,122.6711,75.97,92,14,5.84,few clouds
237,Saint-Pierre,RE,-21.3393,55.4781,71.24,78,0,2.3,clear sky
238,Evensk,RU,61.95,159.2333,12.65,74,100,17.22,overcast clouds
239,Xingcheng,CN,40.6167,120.7167,45.9,65,22,13.56,few clouds
240,Vostok,RU,46.4856,135.8833,15.42,75,9,5.39,clear sky
241,Noumea,NC,-22.2763,166.4572,78.01,99,3,5.46,clear sky
242,Aras,ES,42.5617,-2.356,59.05,82,90,1.14,overcast clouds
243,Kyra,RU,49.5776,111.9753,24.67,85,10,5.64,clear sky
244,Gaffney,US,35.0718,-81.6498,70.95,32,0,7.92,clear sky
245,Antofagasta,CL,-23.65,-70.4,66.22,56,36,9.82,scattered clouds
246,Kloulklubed,PW,7.0419,134.2556,84.16,74,95,10.16,overcast clouds
247,Kodinsk,RU,58.6881,99.1844,29.23,90,48,3.13,scattered clouds
248,Shimoda,JP,34.6667,138.95,52.11,70,94,21.05,overcast clouds
249,Viedma,AR,-40.8135,-62.9967,65.07,23,1,14.27,clear sky
250,Lake City,US,30.1897,-82.6393,78.55,38,1,6.91,clear sky
251,Saint-Raymond,CA,45.467,-73.6095,58.17,67,75,2.3,broken clouds
252,Levelland,US,33.5873,-102.378,72.19,15,86,14.23,overcast clouds
253,Vestmanna,FO,62.1564,-7.1664,43.72,93,90,19.57,overcast clouds
254,Cayenne,GF,4.9333,-52.3333,86.04,79,75,3.0,broken clouds
255,Ust-Nera,RU,64.5667,143.2,-4.86,99,92,4.07,overcast clouds
256,Saint-Georges,GD,12.0564,-61.7485,84.58,73,15,11.45,few clouds
257,Brae,GB,60.3964,-1.353,48.11,75,58,12.1,broken clouds
258,La Ronge,CA,55.1001,-105.2842,59.25,38,75,6.91,broken clouds
259,Haines Junction,CA,60.7522,-137.5108,22.95,74,61,1.14,broken clouds
260,Inverell,AU,-29.7833,151.1167,53.17,81,100,1.01,overcast clouds
261,Toamasina,MG,-18.1667,49.3833,68.0,94,40,0.0,scattered clouds
262,Butajira,ET,8.1167,38.3667,57.49,44,3,5.91,clear sky
263,Sembe,CG,1.6481,14.5806,72.27,94,100,2.19,overcast clouds
264,Sao Filipe,CV,14.8961,-24.4956,78.73,78,0,10.4,clear sky
265,Luena,AO,-11.7833,19.9167,67.6,68,53,3.36,broken clouds
266,Saint-Philippe,RE,-21.3585,55.7679,71.15,80,46,14.7,scattered clouds
267,Balikpapan,ID,-1.2675,116.8289,75.4,93,100,5.3,moderate rain
268,Rabo De Peixe,PT,37.8,-25.5833,71.11,94,75,9.22,broken clouds
269,Moussoro,TD,13.6408,16.4901,91.63,27,61,7.09,broken clouds
270,Carlagan,PH,14.975,122.0456,79.3,88,97,17.6,moderate rain
271,Saint-Joseph,RE,-21.3667,55.6167,70.16,78,20,12.06,few clouds
272,Nouadhibou,MR,20.931,-17.0347,73.69,66,0,17.45,clear sky
273,Kargasok,RU,59.0556,80.8572,39.07,90,100,5.93,overcast clouds
274,Lorengau,PG,-2.0226,147.2712,81.9,73,87,5.86,overcast clouds
275,Uspenka,UA,48.3903,39.1619,51.93,62,75,5.37,broken clouds
276,Kavieng,PG,-2.5744,150.7967,82.44,72,13,11.07,few clouds
277,Dayong,CN,25.0209,118.2898,71.89,76,11,3.42,light rain
278,Linhares,BR,-19.3911,-40.0722,77.47,75,90,6.78,overcast clouds
279,Mount Gambier,AU,-37.8333,140.7667,42.48,95,56,2.89,broken clouds
280,Beringovskiy,RU,63.05,179.3167,26.26,83,100,6.87,overcast clouds
281,Baykit,RU,61.67,96.37,36.61,92,100,3.27,overcast clouds
282,Mbandaka,CD,0.0487,18.2603,74.53,91,100,2.39,overcast clouds
283,Deputatskiy,RU,69.3,139.9,-14.21,99,52,3.02,broken clouds
284,Suntar,RU,62.1444,117.6319,22.98,70,100,7.25,overcast clouds
285,Katsuura,JP,35.1333,140.3,56.19,65,78,21.59,broken clouds
286,Tessalit,ML,20.1986,1.0114,87.46,10,0,7.76,clear sky
287,Araouane,ML,18.9048,-3.5265,88.3,10,2,8.99,clear sky
288,Malanje,AO,-9.5402,16.341,70.3,71,98,3.67,overcast clouds
289,Storforshei,NO,66.4043,14.5233,35.65,93,40,3.44,light snow
290,Mildura,AU,-34.2,142.15,53.56,62,100,4.61,light rain
291,Hamilton,US,39.1834,-84.5333,68.95,43,1,5.01,clear sky
292,Bethel,US,41.3712,-73.414,63.19,58,20,9.22,few clouds
293,Rovaniemi,FI,66.5,25.7167,36.81,93,90,12.66,light intensity shower rain
294,Klaksvik,FO,62.2266,-6.589,45.52,77,100,24.09,overcast clouds
295,Aykhal,RU,66.0,111.5,30.45,96,100,21.97,light snow
296,Rutul,RU,41.5357,47.4239,50.9,68,1,4.45,clear sky
297,Aklavik,CA,68.2191,-135.0107,20.23,73,17,11.27,few clouds
298,Mezen,RU,65.8522,44.24,36.09,97,100,9.24,overcast clouds
299,Ribeira Grande,PT,38.5167,-28.7,72.0,83,75,16.11,broken clouds
300,Algiers,DZ,36.7525,3.042,66.02,77,75,3.44,broken clouds
301,Navolato,MX,24.7672,-107.6944,94.64,56,0,6.64,clear sky
302,Seymchan,RU,62.8833,152.4333,8.67,74,38,9.64,scattered clouds
303,Berlevag,NO,70.8578,29.0864,39.15,81,75,27.63,broken clouds
304,Asau,RO,46.4333,26.4,45.95,85,72,3.42,light rain
305,Shingu,JP,33.7333,135.9833,52.95,78,28,4.34,scattered clouds
306,Mandalgovi,MN,45.7625,106.2708,27.79,55,5,11.41,clear sky
307,Kuryk,KZ,43.2,51.65,60.58,29,12,16.73,few clouds
308,Salalah,OM,17.0151,54.0924,78.89,89,40,3.44,scattered clouds
309,Tocopilla,CL,-22.092,-70.1979,66.79,62,21,9.51,few clouds
310,Hobyo,SO,5.3505,48.5268,78.37,84,100,22.21,overcast clouds
311,Eskil,TR,38.4017,33.4131,55.69,60,39,8.39,scattered clouds
312,Tacoronte,ES,28.4769,-16.4102,75.52,55,0,2.3,clear sky
313,Russell,US,32.3502,-85.1999,72.68,36,1,9.22,clear sky
314,Aden,YE,12.7794,45.0367,87.67,64,100,6.33,overcast clouds
315,Zhezkazgan,KZ,47.8043,67.7144,45.48,40,7,8.39,clear sky
316,Basar,IN,27.9833,94.6667,69.57,98,100,2.37,overcast clouds
317,Namibe,AO,-15.1961,12.1522,65.39,90,37,5.26,scattered clouds
318,Rabaul,PG,-4.1967,152.1721,79.75,81,89,4.88,overcast clouds
319,Nuevo Casas Grandes,MX,30.4167,-107.9167,80.74,29,6,5.01,clear sky
320,Jian,CN,27.1172,114.9793,52.7,77,98,6.42,light rain
321,Tres Arroyos,AR,-38.3739,-60.2798,62.06,42,89,13.58,overcast clouds
322,Zabol,AF,32.25,67.25,53.04,15,0,7.96,clear sky
323,Chuy,UY,-33.6971,-53.4616,60.94,53,2,8.72,clear sky
324,Paamiut,GL,61.994,-49.6678,34.84,51,0,4.65,clear sky
325,Roma,US,43.2128,-75.4557,53.65,89,90,1.01,heavy intensity rain
326,Caborca,MX,30.5838,-111.101,84.49,20,82,14.14,broken clouds
327,Mayo,US,38.8876,-76.5119,65.46,44,40,11.01,scattered clouds
328,Vysha,RU,53.8477,42.3777,41.67,80,40,4.32,scattered clouds
329,Luganville,VU,-15.5333,167.1667,80.53,83,87,7.45,overcast clouds
330,Llanes,ES,43.4198,-4.7549,65.89,79,100,6.11,overcast clouds
331,Lakes Entrance,AU,-37.8811,147.981,48.16,81,99,6.98,overcast clouds
332,Buraydah,SA,26.326,43.975,84.65,23,0,11.88,clear sky
333,Hofn,IS,64.2539,-15.2082,36.16,98,100,22.06,light rain
334,Owensboro,US,37.7742,-87.1133,71.02,32,1,11.5,clear sky
335,Lufilufi,WS,-13.8745,-171.5986,83.79,80,29,19.91,scattered clouds
336,Mount Isa,AU,-20.7333,139.5,62.37,48,4,5.75,light rain
337,Borger,NL,52.9233,6.7931,53.8,77,98,9.24,overcast clouds
338,El Reten,CO,10.6114,-74.2682,85.91,74,100,4.12,overcast clouds
339,Eyrarbakki,IS,63.863,-21.1481,41.05,90,100,24.7,moderate rain
340,Cherskiy,RU,68.75,161.3,-12.75,100,100,3.74,overcast clouds
341,Jumla,NP,29.2747,82.1838,56.84,81,100,4.56,overcast clouds
342,Qasigiannguit,GL,68.8193,-51.1922,19.65,63,0,9.98,clear sky
343,Lixourion,GR,38.2019,20.4314,64.33,69,13,2.35,few clouds
344,Carndonagh,IE,55.25,-7.2667,56.82,96,100,4.83,overcast clouds
345,Provideniya,RU,64.3833,-173.3,28.51,59,75,17.9,broken clouds
346,Verkhnyaya Inta,RU,65.9811,60.3094,37.45,87,100,13.09,overcast clouds
347,Bua Yai,TH,15.5855,102.4259,68.49,92,100,14.23,overcast clouds
348,Asyut,EG,27.181,31.1837,80.98,29,87,9.71,overcast clouds
349,Benguela,AO,-12.5763,13.4055,73.87,77,56,1.01,broken clouds
350,Bosaso,SO,11.2842,49.1816,86.09,40,1,7.31,clear sky
351,Vanavara,RU,60.34,102.2797,30.16,86,96,5.79,overcast clouds
352,Benevento,IT,41.2179,14.7464,58.66,77,100,4.0,overcast clouds
353,Kiunga,PG,-6.1219,141.2906,72.55,98,46,1.43,scattered clouds
354,Llandrindod Wells,GB,52.2416,-3.3787,56.98,96,83,5.01,broken clouds
355,Puyo,EC,-1.4667,-77.9833,76.24,78,75,5.75,light rain
356,Atasu,KZ,48.6814,71.6433,41.59,44,4,7.02,clear sky
357,Sorgun,TR,39.8101,35.186,51.51,72,66,5.82,broken clouds
358,Olden,NO,61.8364,6.8064,39.94,90,63,3.18,broken clouds
359,Katangli,RU,51.7102,143.2326,30.78,80,100,25.86,overcast clouds
360,Ponta Do Sol,PT,32.6667,-17.1,72.23,74,99,3.0,overcast clouds
361,Tual,ID,-5.6667,132.75,83.34,72,80,4.0,broken clouds
362,Ancud,CL,-41.8697,-73.8203,56.73,67,32,6.31,scattered clouds
363,Rocha,UY,-34.4833,-54.3333,61.11,61,6,8.32,clear sky
364,Kalmunai,LK,7.4167,81.8167,80.67,69,100,6.24,overcast clouds
365,Kaitangata,NZ,-46.2817,169.8464,49.68,95,100,5.86,overcast clouds
366,Cabedelo,BR,-6.9811,-34.8339,81.27,73,66,13.49,broken clouds
367,Tutoia,BR,-2.7619,-42.2744,87.78,80,38,13.53,scattered clouds
368,Alofi,NU,-19.0595,-169.9187,82.29,65,75,14.97,broken clouds
369,Juneau,US,58.3019,-134.4197,41.85,81,20,0.0,few clouds
370,Katherine,AU,-14.4667,132.2667,79.12,78,97,5.75,overcast clouds
371,Chicama,PE,-7.8447,-79.1469,61.34,65,94,10.33,overcast clouds
372,Constitucion,CL,-35.3333,-72.4167,61.5,60,1,17.69,clear sky
373,Kurchum,KZ,48.5722,83.6542,44.55,44,45,3.89,scattered clouds
374,Verkhnevilyuysk,RU,63.4453,120.3167,18.09,82,100,6.46,overcast clouds
375,Mitu,CO,1.1983,-70.1733,83.62,74,95,2.26,overcast clouds
376,Zeya,RU,53.75,127.2667,19.65,53,10,4.52,clear sky
377,Wewak,PG,-3.5534,143.6268,78.62,85,89,4.38,overcast clouds
378,Bydgoszcz,PL,53.1235,18.0076,49.82,75,75,8.05,broken clouds
379,Saint-Augustin,CA,51.226,-58.6502,43.12,67,100,13.69,overcast clouds
380,Mbaiki,CF,3.8678,17.9892,71.26,96,100,1.77,overcast clouds
381,Barcelos,PT,41.5388,-8.6151,66.92,99,100,3.91,overcast clouds
382,Bhimunipatnam,IN,17.8833,83.4333,80.11,84,100,2.59,overcast clouds
383,Tigil,RU,57.8,158.6667,31.68,90,100,12.5,snow
384,Nhulunbuy,AU,-12.2333,136.7667,75.81,88,97,0.0,overcast clouds
385,Puerto Madero,MX,14.7208,-92.4215,88.0,74,40,8.05,scattered clouds
386,Palmerston,AU,-12.486,130.9833,82.38,83,40,0.0,scattered clouds
387,Mporokoso,ZM,-9.3727,30.125,67.89,72,92,3.06,overcast clouds
388,Upernavik,GL,72.7868,-56.1549,23.14,54,100,4.9,overcast clouds
389,Bandarbeyla,SO,9.4942,50.8122,77.38,90,55,13.51,broken clouds
390,Dalvik,IS,65.9702,-18.5286,35.53,93,100,7.14,overcast clouds
391,Pisco,PE,-13.7,-76.2167,68.05,68,0,19.57,clear sky
392,Merauke,ID,-8.4667,140.3333,76.91,89,69,9.15,broken clouds
393,The Valley,AI,18.217,-63.0578,89.46,79,40,3.44,scattered clouds
394,Horsham,GB,51.064,-0.3272,55.71,76,0,3.44,clear sky
395,Anadyr,RU,64.75,177.4833,27.1,68,40,15.01,scattered clouds
396,Chimoio,MZ,-19.1164,33.4833,78.66,65,75,5.68,broken clouds
397,Santa Isabel Do Rio Negro,BR,-0.4139,-65.0192,82.99,69,100,2.46,overcast clouds
398,Moose Factory,CA,51.2585,-80.6094,44.6,76,90,11.5,overcast clouds
399,Ridgecrest,US,35.6225,-117.6709,80.46,10,1,8.01,clear sky
400,Chapais,CA,49.7834,-74.8492,42.58,89,100,8.3,overcast clouds
401,Chimbote,PE,-9.0853,-78.5783,67.1,78,57,10.56,broken clouds
402,Pangai,TO,-19.8,-174.35,78.91,78,20,20.71,light rain
403,Leningradskiy,RU,69.3833,178.4167,9.45,96,100,4.72,overcast clouds
404,Eureka,US,40.8021,-124.1637,54.19,90,88,5.01,moderate rain
405,Neiafu,TO,-18.65,-173.9833,81.28,78,40,8.05,scattered clouds
406,Altagracia De Orituco,VE,9.8601,-66.3814,91.58,40,72,4.45,broken clouds
407,Kutum,SD,14.2,24.6667,80.26,18,2,7.09,clear sky
408,Cidreira,BR,-30.1811,-50.2056,63.5,66,16,6.62,few clouds
409,Port Macquarie,AU,-31.4333,152.9167,55.89,75,99,6.58,overcast clouds
410,Guerrero Negro,MX,27.9769,-114.0611,78.13,39,100,7.65,overcast clouds
411,Chitral,PK,35.8462,71.7858,59.58,62,0,1.07,clear sky
412,Gualaceo,EC,-2.9,-78.7833,69.46,71,100,4.34,light rain
413,Nara,JP,34.6851,135.8049,52.5,64,0,2.93,clear sky
414,Fairbanks,US,64.8378,-147.7164,29.91,78,1,6.91,clear sky
415,Grindavik,IS,63.8424,-22.4338,40.95,87,75,24.16,light intensity drizzle rain
416,Hanna,CA,51.6334,-111.9018,76.51,14,100,15.01,overcast clouds
417,Konstantinovka,RU,49.6167,127.9833,23.22,48,8,4.14,clear sky
418,Svetlogorsk,BY,52.6333,29.7333,41.13,76,93,8.32,overcast clouds
419,Santa Luzia,BR,-19.7697,-43.8514,76.1,90,98,4.99,overcast clouds
420,Bontang,ID,0.1333,117.5,79.0,87,33,8.14,scattered clouds
421,Lucapa,AO,-8.4192,20.7447,73.49,70,72,2.91,broken clouds
422,West Plains,US,36.7281,-91.8524,70.61,36,1,3.0,clear sky
423,Te Anau,NZ,-45.4167,167.7167,48.63,95,100,0.98,overcast clouds
424,Abeche,TD,13.8292,20.8324,86.25,23,13,6.78,few clouds
425,Nemuro,JP,43.3236,145.575,41.81,70,3,15.21,clear sky
426,Havoysund,NO,70.9963,24.6622,39.43,78,100,30.58,light rain
427,Shemgang,BT,27.2169,90.6579,58.1,94,89,4.23,overcast clouds
428,Gamba,GA,-2.65,10.0,76.64,82,99,6.85,overcast clouds
429,Vagay,RU,57.9375,69.0217,37.76,79,10,5.91,clear sky
430,Belize,BZ,17.25,-88.75,89.92,86,95,4.18,overcast clouds
431,Poum,NC,-20.2333,164.0167,75.56,83,99,7.16,overcast clouds
432,Praia Da Vitoria,PT,38.7333,-27.0667,71.76,88,20,15.64,few clouds
433,Guiratinga,BR,-16.3494,-53.7583,89.22,45,41,7.45,scattered clouds
434,East London,ZA,-33.0153,27.9116,56.91,67,18,15.75,light rain
435,Meulaboh,ID,4.1363,96.1285,75.96,85,100,3.87,moderate rain
436,Hailey,US,43.5196,-114.3153,61.9,28,46,7.0,scattered clouds
437,Parakou,BJ,9.3372,2.6303,77.63,74,98,4.72,light rain
438,Tashigang,BT,27.3331,91.5542,65.53,93,55,3.91,broken clouds
439,Portland,US,45.5234,-122.6762,62.42,77,90,3.0,overcast clouds
440,Kamsack,CA,51.5667,-101.9009,68.45,30,9,11.45,clear sky
441,Ugoofaaru,MV,5.6667,73.0,80.24,83,100,26.24,overcast clouds
442,Hit,IQ,33.6416,42.8251,74.55,35,7,9.15,clear sky
443,Craig,US,40.5153,-107.5464,67.95,19,1,17.27,clear sky
444,Ixtapa,MX,20.7,-105.2,88.83,62,1,10.36,clear sky
445,Ilulissat,GL,69.2167,-51.1,19.42,27,1,28.77,clear sky
446,Port Blair,IN,11.6667,92.75,80.29,85,100,7.18,overcast clouds
447,Zhelyabovka,UA,45.3988,34.7578,53.94,67,42,5.32,scattered clouds
448,Halifax,CA,44.6453,-63.5724,64.69,94,100,7.0,overcast clouds
449,Nova Aurora,BR,-22.8667,-52.5667,76.91,71,96,0.98,overcast clouds
450,Tandil,AR,-37.3217,-59.1332,64.87,51,91,7.83,light rain
451,Atagay,RU,55.1033,99.3875,28.09,96,22,3.94,few clouds
452,Limpapa,PH,7.1197,121.9106,77.34,83,94,2.62,overcast clouds
453,Bubaque,GW,11.2833,-15.8333,82.29,75,45,7.07,moderate rain
454,Luanda,AO,-8.8368,13.2343,75.2,83,40,8.05,scattered clouds
455,Warmbad,NA,-28.45,18.7333,59.02,26,0,10.29,clear sky
456,Taoudenni,ML,22.6783,-3.9836,90.37,13,100,11.86,overcast clouds
457,Kautokeino,NO,69.0125,23.0412,32.86,85,100,20.94,overcast clouds
458,Torrington,US,41.8007,-73.1212,62.78,76,80,10.31,broken clouds
459,Virginia Beach,US,36.8529,-75.978,68.22,44,40,18.41,scattered clouds
460,Caohai,CN,26.8661,104.2841,47.82,96,100,3.62,overcast clouds
461,Ferkessedougou,CI,9.6,-5.2,82.35,56,82,3.33,broken clouds
462,Denpasar,ID,-8.65,115.2167,78.46,88,20,2.3,few clouds
463,Sibiti,CG,-3.6819,13.3499,72.0,82,15,2.42,few clouds
464,Carupano,VE,10.6678,-63.2585,87.87,66,100,15.1,overcast clouds
465,Casablanca,MA,33.5928,-7.6192,68.32,93,99,11.01,overcast clouds
466,Guaraniacu,BR,-25.1008,-52.8781,70.66,99,100,2.42,overcast clouds
467,Emba,KZ,48.8264,58.1442,51.21,35,100,8.7,overcast clouds
468,Baillif,GP,16.0202,-61.7463,79.65,73,31,0.47,scattered clouds
469,Port Lincoln,AU,-34.7333,135.8667,56.01,86,84,8.43,broken clouds
470,Broome,US,42.2506,-75.833,57.88,60,40,3.0,scattered clouds
471,Cordoba,AR,-31.4135,-64.1811,79.75,16,0,5.01,clear sky
472,Lobva,RU,59.1854,60.5185,42.12,77,99,7.09,overcast clouds
473,Ca Mau,VN,9.1769,105.15,75.25,91,100,2.73,overcast clouds
474,Arinos,BR,-15.9169,-46.1056,82.98,55,62,6.11,broken clouds
475,Puerto Suarez,BO,-18.95,-57.8,88.36,48,20,6.91,few clouds
476,Nishihara,JP,26.1842,127.7558,72.68,71,40,6.91,scattered clouds
477,Half Moon Bay,US,37.4636,-122.4286,78.21,66,90,1.01,overcast clouds
478,Shache,CN,38.4167,77.2406,52.29,18,100,2.01,overcast clouds
479,Marquette,US,46.5333,-87.6335,58.77,41,0,13.11,clear sky
480,Saint George,US,37.1041,-113.5841,79.27,23,1,3.0,clear sky
481,Vilyuysk,RU,63.7553,121.6247,15.89,88,94,5.41,overcast clouds
482,Muisne,EC,0.6,-80.0333,76.91,79,97,9.33,overcast clouds
483,Kristiansand,NO,58.1467,7.9956,45.86,93,0,5.75,clear sky
484,Gien,FR,47.6933,2.6309,53.55,87,100,5.44,overcast clouds
485,Remanso,BR,-9.6179,-42.0831,90.9,30,23,8.34,few clouds
486,Macklin,CA,52.3334,-109.9348,76.33,15,9,10.54,clear sky
487,Akdepe,TM,42.0551,59.3788,44.69,29,0,9.6,clear sky
488,Umm Kaddadah,SD,13.6017,26.6876,90.32,16,86,9.8,overcast clouds
489,Benghazi,LY,32.1167,20.0667,71.37,57,57,4.7,broken clouds
490,Buchanan,LR,5.8808,-10.0467,78.76,82,19,8.01,few clouds
491,Channel-Port Aux Basques,CA,47.5702,-59.1367,53.85,90,91,17.78,overcast clouds
492,Japura,ID,-0.3167,102.35,73.33,98,100,1.63,overcast clouds
493,Lethem,GY,3.3803,-59.7968,83.26,65,99,11.12,overcast clouds
494,Cururupu,BR,-1.8283,-44.8683,83.53,66,27,5.77,scattered clouds
495,Strelka,RU,58.0728,93.0344,31.84,95,11,4.03,few clouds
496,Penzance,GB,50.1186,-5.5371,57.76,89,100,14.0,overcast clouds
497,Batsfjord,NO,70.6345,29.7185,41.0,87,75,29.93,moderate rain
498,Puerto Narino,CO,-3.7703,-70.3831,84.15,58,69,1.97,broken clouds
499,Xichang,CN,27.8964,102.2634,58.15,92,93,2.86,overcast clouds
500,Coolum Beach,AU,-26.5333,153.1,67.33,93,95,0.54,light rain
501,Kuusamo,FI,65.9667,29.1833,33.84,86,75,5.75,light intensity shower rain
502,Lernanist,AM,40.4678,44.7924,48.36,47,2,1.16,clear sky
503,Kahului,US,20.8947,-156.47,84.22,64,20,19.57,few clouds
504,Brits,ZA,-25.6347,27.7802,69.82,7,88,15.23,overcast clouds
505,Caravelas,BR,-17.7125,-39.2481,78.62,73,26,8.93,scattered clouds
506,Bowmore,US,34.9421,-79.3031,70.7,35,1,3.0,clear sky
507,Gizo,SB,-8.103,156.8419,82.53,73,97,8.12,overcast clouds
508,Moroni,KM,-11.7022,43.2551,76.3,78,0,4.65,clear sky
509,Aksu,CN,41.1231,80.2644,50.95,24,98,2.19,overcast clouds
510,Patea,NZ,-39.7583,174.4833,61.66,80,0,10.09,clear sky
511,Paita,PE,-5.0892,-81.1144,75.76,76,74,17.67,broken clouds
512,Vacaria,BR,-28.5122,-50.9339,55.72,97,100,5.73,overcast clouds
513,Bilibino,RU,68.0546,166.4372,-8.61,98,100,3.4,overcast clouds
514,Keta,GH,5.9179,0.9879,81.07,80,96,10.4,overcast clouds
515,Raudeberg,NO,61.9875,5.1352,39.2,65,70,6.26,broken clouds
516,Vila Franca Do Campo,PT,37.7167,-25.4333,72.01,92,100,11.5,overcast clouds
517,Menongue,AO,-14.6585,17.691,70.16,23,18,3.24,few clouds
518,Svetlaya,RU,46.5389,138.3297,29.34,54,95,7.76,overcast clouds
519,Nuuk,GL,64.1835,-51.7216,32.61,74,0,9.22,clear sky
520,Coos Bay,US,43.3665,-124.2179,53.94,97,90,9.22,overcast clouds
521,Hovd,MN,48.0056,91.6419,33.22,48,0,1.77,clear sky
522,Erenhot,CN,43.6475,111.9767,37.62,27,79,10.51,broken clouds
523,Nueva Concepcion,GT,14.2,-91.3,88.16,66,28,6.29,scattered clouds
524,Sistranda,NO,63.7256,8.834,45.9,62,61,16.13,broken clouds
525,Adrar,MR,20.5022,-10.0711,89.1,10,88,7.61,overcast clouds
526,Ternate,ID,0.8,127.4,80.98,81,92,4.16,overcast clouds
527,Lerwick,GB,60.1545,-1.1494,48.2,73,52,15.03,broken clouds
528,Grimshaw,CA,56.1834,-117.6027,38.1,93,90,9.22,light intensity shower rain
529,Ampanihy,MG,-24.7,44.75,70.43,89,0,1.97,clear sky
530,Jalu,LY,29.0331,21.5482,71.17,41,0,7.14,clear sky
531,Shetpe,KZ,44.1667,52.1167,56.55,23,22,12.5,few clouds
532,Barrhead,GB,55.7992,-4.3929,55.85,96,90,1.01,light intensity drizzle
533,Diego De Almagro,CL,-26.3667,-70.05,76.53,11,0,11.72,clear sky
534,Mendi,PG,-6.1761,143.6513,56.01,98,100,2.33,overcast clouds
535,Saint-Leu,RE,-21.15,55.2833,70.63,90,11,4.59,few clouds
536,Sumter,US,28.7086,-82.0831,85.24,51,0,7.58,clear sky
537,Naron,ES,43.5167,-8.1528,71.69,85,99,5.88,overcast clouds
538,Fasa,IR,28.9383,53.6482,61.84,31,0,4.61,clear sky
539,Harper,LR,4.375,-7.7169,78.48,84,34,5.82,scattered clouds
540,Vasto,IT,42.1243,14.7059,57.56,75,91,4.41,overcast clouds
541,Ola,RU,59.5833,151.2833,18.28,50,100,19.04,overcast clouds
542,Vikhorevka,RU,56.1201,101.1636,26.19,90,12,2.86,few clouds
543,Victor Harbor,AU,-35.5667,138.6167,58.8,90,66,5.75,broken clouds
544,Kefamenanu,ID,-9.4467,124.4781,73.26,93,58,2.01,broken clouds
545,Tiznit,MA,29.5833,-9.5,73.45,24,0,0.29,clear sky
546,Kondoa,TZ,-4.9,35.7833,69.53,55,13,7.29,few clouds
547,Eggenfelden,DE,48.4054,12.7626,46.04,96,66,0.4,broken clouds
548,Severobaykalsk,RU,55.65,109.3167,24.64,63,5,4.63,clear sky
549,Humaita,BR,-7.5061,-63.0208,82.45,67,100,2.66,overcast clouds
550,Micheweni,TZ,-4.9667,39.8333,77.16,77,58,8.72,broken clouds
551,Ust-Tsilma,RU,65.441,52.1498,37.65,89,100,8.01,overcast clouds
552,Sorong,ID,-0.8833,131.25,79.83,83,100,3.38,overcast clouds
553,Karad,IN,17.2833,74.2,68.23,97,20,4.74,few clouds
554,Salaga,GH,8.5508,-0.5188,79.27,74,71,3.42,light rain
555,Acapulco,MX,16.8634,-99.8901,85.82,74,40,12.66,scattered clouds
556,Makakilo City,US,21.3469,-158.0858,82.72,56,75,13.8,broken clouds
557,Tezu,IN,27.9167,96.1667,73.65,81,51,4.29,broken clouds
558,Dong Xoai,VN,11.5333,106.9167,72.59,97,100,2.66,overcast clouds
559,Ambilobe,MG,-13.2,49.05,74.59,63,0,7.9,clear sky
560,North Bend,US,43.4065,-124.2243,53.85,97,90,9.22,overcast clouds
561,Wanning,CN,18.8003,110.3967,77.61,90,99,18.45,moderate rain
562,Arlit,NE,18.7369,7.3853,89.76,24,96,7.74,overcast clouds
563,Awbari,LY,26.5921,12.7805,79.12,15,5,2.68,clear sky
564,Kununurra,AU,-15.7667,128.7333,76.98,83,100,8.05,overcast clouds
565,Kirakira,SB,-10.4544,161.9205,80.37,78,44,2.62,scattered clouds
566,Lindi,TZ,-10.0,39.7167,73.42,87,4,3.94,clear sky
567,Mojo,ET,8.6,39.1167,59.86,40,1,5.28,clear sky
568,Kavaratti,IN,10.5669,72.642,81.07,78,99,15.73,overcast clouds
569,Yazman,PK,29.1212,71.7446,80.58,51,0,5.44,clear sky
570,Sierra Vista,US,31.5545,-110.3037,79.84,24,40,4.61,scattered clouds
571,Yuancheng,CN,36.652,107.7896,42.06,97,33,4.41,scattered clouds
572,Lar,IN,26.2039,83.9717,77.02,96,100,6.46,overcast clouds
573,Nivala,FI,63.9167,24.9667,37.69,97,100,9.37,overcast clouds
574,Dor Marunt,RO,44.45,26.9167,52.48,89,96,5.46,light rain
575,San Carlos De Bariloche,AR,-41.1456,-71.3082,62.35,25,0,14.97,clear sky
576,Biak,ID,-0.9131,122.8766,76.78,86,52,0.36,broken clouds
577,Naryan-Mar,RU,67.6713,53.087,34.68,89,100,10.07,overcast clouds
578,Brigantine,US,39.4101,-74.3646,64.33,57,75,13.8,broken clouds
579,Ranong,TH,9.9658,98.6348,75.6,92,100,2.93,overcast clouds
580,Falmouth,GB,50.1544,-5.0711,54.86,100,97,3.44,overcast clouds
581,Dagda,LV,56.0951,27.5372,44.24,84,97,10.07,overcast clouds
582,Komsomolskiy,UZ,40.4272,71.7189,52.52,58,100,2.3,haze
583,Kindu,CD,-2.95,25.95,73.31,82,95,0.58,overcast clouds
584,Upata,VE,8.0086,-62.3989,86.83,56,98,2.75,overcast clouds
585,Cairns,AU,-16.9167,145.7667,75.07,96,26,0.0,scattered clouds
586,Amboasary,MG,-25.0333,46.3833,73.24,81,0,3.83,clear sky
587,Khandbari,NP,27.3747,87.2039,67.93,86,73,2.68,broken clouds
588,Kochevo,RU,59.5994,54.3125,42.39,79,100,10.74,overcast clouds
589,Sao Miguel Do Araguaia,BR,-13.275,-50.1628,88.79,42,98,5.79,overcast clouds
590,Parthenay,FR,46.6667,-0.4167,59.92,57,74,4.56,broken clouds
591,Padron,ES,42.7388,-8.6606,69.01,95,100,2.24,overcast clouds
592,Khandagayty,RU,50.7333,92.05,29.62,68,2,3.76,clear sky
593,Esperance,AU,-33.8667,121.9,53.44,90,2,3.98,clear sky
594,Kapit,MY,2.0167,112.9333,73.38,100,98,0.85,light rain
595,Ayan,RU,56.45,138.1667,23.29,53,12,15.66,few clouds
596,Chemodanovka,RU,53.2316,45.2474,50.43,34,100,4.14,overcast clouds
597,Dawson Creek,CA,55.7666,-120.2362,35.24,80,90,5.75,light rain
598,Adiake,CI,5.2863,-3.304,81.99,86,10,8.25,clear sky
599,Elat,IL,29.5581,34.9482,78.64,50,0,18.41,clear sky
600,Nizhniy Odes,RU,63.6445,54.856,37.9,84,92,9.51,overcast clouds
601,Ngunguru,NZ,-35.6167,174.5,62.17,90,78,5.91,broken clouds
602,Yanam,IN,16.7333,82.2167,77.74,94,100,1.14,overcast clouds
603,Santa Isabel,BR,-23.3156,-46.2214,67.71,90,100,6.89,overcast clouds
604,Gejiu,CN,23.306,103.1635,43.61,94,27,1.68,scattered clouds
605,Zarautz,ES,43.2844,-2.1699,67.35,76,57,5.39,broken clouds
606,Leiyang,CN,26.4024,112.8591,51.82,96,91,2.35,overcast clouds
607,Saint-Francois,FR,46.4154,3.9054,49.44,93,0,2.3,clear sky
608,Lieksa,FI,63.3167,30.0167,37.09,97,100,16.87,overcast clouds
609,Manoel Urbano,BR,-8.8389,-69.2597,87.3,54,99,3.6,overcast clouds
610,Iwanai,JP,42.9744,140.5089,42.01,64,98,10.29,overcast clouds
611,Dakar,SN,14.6937,-17.4441,82.53,83,20,2.3,few clouds
612,Henties Bay,NA,-22.116,14.2845,56.86,83,92,4.16,overcast clouds
613,Aswan,EG,24.0934,32.907,85.3,19,0,12.88,clear sky
614,Troitskoye,RU,52.9821,84.6757,37.94,81,8,4.76,clear sky
615,Bullas,ES,38.0467,-1.6723,63.01,70,24,6.17,few clouds
616,Ionia,US,42.9873,-85.0711,63.82,42,40,18.41,scattered clouds
617,Camabatela,AO,-8.1881,15.375,66.38,82,86,0.72,overcast clouds
618,Parati,BR,-23.2178,-44.7131,76.1,98,100,1.88,overcast clouds
619,Canaries,ES,28.0,-15.5,74.39,74,0,1.99,clear sky
620,Pemangkat,ID,1.1667,108.9667,79.12,84,96,5.66,overcast clouds
621,Charagua,BO,-19.8,-63.2167,78.37,44,100,7.07,overcast clouds
622,Newport,GB,51.5877,-2.9984,56.44,88,42,7.11,scattered clouds
623,Ojinaga,MX,29.5667,-104.4167,80.42,24,1,4.61,clear sky
624,Belfast,GB,54.5833,-5.9333,57.02,91,90,3.44,overcast clouds
625,Impfondo,CG,1.6381,18.0667,74.17,84,67,1.68,broken clouds
626,Kailua,US,21.4022,-157.7394,84.18,65,75,14.97,broken clouds
627,Mayahi,NE,13.9553,7.6712,85.37,44,92,7.23,overcast clouds
628,Papara,BR,-3.9839,-38.7273,85.73,56,17,8.28,few clouds
629,Maua,BR,-23.6678,-46.4614,65.35,95,100,7.45,overcast clouds
630,Naze,JP,28.3667,129.4833,70.07,70,100,13.73,overcast clouds
631,Bereda,ES,43.2686,-7.5406,67.01,79,100,2.73,overcast clouds
632,Deder,ET,9.3167,41.45,58.87,35,16,3.49,few clouds
633,Belyy Yar,RU,53.6039,91.3903,24.69,100,40,4.47,mist
634,Maragogi,BR,-9.0122,-35.2225,78.48,75,85,8.79,overcast clouds
635,Okakarara,NA,-20.5833,17.4333,67.96,14,12,3.13,few clouds
636,Keflavik,IS,64.0049,-22.5624,40.91,87,75,24.16,light intensity drizzle rain
637,Balkhash,KZ,46.844,74.9804,46.63,53,0,11.88,clear sky
638,Wilmington,US,34.2257,-77.9447,71.85,39,1,10.36,clear sky
639,Riohacha,CO,11.5444,-72.9072,84.92,69,100,9.42,overcast clouds
640,Pala,TD,9.3642,14.9046,77.92,73,90,3.49,overcast clouds
641,Dunedin,NZ,-45.8742,170.5036,58.8,80,100,1.01,light rain
642,Paciran,ID,-6.8767,112.3761,81.68,79,53,6.71,broken clouds
643,Niamey,NE,13.5137,2.1098,91.69,35,20,10.36,few clouds
644,Iquique,CL,-20.2208,-70.1431,62.64,71,91,9.66,overcast clouds
645,Kieta,PG,-6.2167,155.6333,80.67,78,94,4.34,overcast clouds
646,Jining,CN,35.405,116.5814,43.9,70,3,7.16,clear sky
647,Murgab,TM,37.4966,61.9714,51.67,46,0,0.0,clear sky
648,Ambikapur,IN,23.1167,83.2,72.14,92,95,3.74,overcast clouds
649,Foumban,CM,5.7291,10.9001,65.89,95,100,1.97,moderate rain
650,Linjiang,CN,41.8069,126.9078,30.24,57,15,2.98,few clouds
651,Verkhnyaya Maksakovka,RU,61.635,50.9674,35.62,100,0,6.71,clear sky
652,Aripuana,BR,-9.1667,-60.6333,85.8,61,80,5.5,broken clouds
653,Antalaha,MG,-14.9003,50.2788,69.85,87,13,6.42,light rain
654,Dawei,MM,14.0833,98.2,72.91,95,100,3.65,overcast clouds
655,Puerto Ayacucho,VE,5.6639,-67.6236,86.54,69,90,2.89,overcast clouds
656,Dhidhdhoo,MV,6.8833,73.1,81.86,76,100,21.21,overcast clouds
657,Kaduqli,SD,11.0167,29.7167,81.75,51,57,4.83,broken clouds
658,Plouzane,FR,48.3833,-4.6167,59.09,94,20,8.05,few clouds
659,Sakakah,SA,29.9697,40.2064,76.57,21,45,10.18,scattered clouds
660,Sheboygan,US,43.7333,-87.9334,66.25,37,1,4.0,clear sky
661,Chegutu,ZW,-18.1302,30.1407,77.72,34,32,7.83,scattered clouds
662,Bilma,NE,18.6853,12.9164,86.61,20,62,9.37,broken clouds
663,Issaquah,US,47.5301,-122.0326,60.46,79,90,3.0,overcast clouds
664,Pundaguitan,PH,6.3711,126.1689,82.56,78,55,9.62,broken clouds
665,Otjimbingwe,NA,-22.35,16.1333,68.77,25,49,3.36,scattered clouds
666,Tura,IN,25.5198,90.2201,72.88,84,97,3.56,overcast clouds
667,Ayolas,PY,-27.4,-56.9,75.13,50,74,7.36,broken clouds
668,Sao Joao Da Barra,BR,-21.6403,-41.0511,73.49,87,100,13.85,overcast clouds
669,Douglas,US,41.3,-96.167,76.98,30,1,5.99,clear sky
670,Cap Malheureux,MU,-19.9842,57.6142,73.47,78,9,8.99,clear sky
671,Castelo Do Piaui,BR,-5.3222,-41.5525,95.86,24,63,4.88,broken clouds
672,Manadhoo,MV,5.7667,73.3833,80.35,82,100,25.23,overcast clouds
673,Korla,CN,41.7597,86.1469,51.48,33,25,8.52,scattered clouds
674,Cajnice,BA,43.5575,19.0711,45.41,85,23,1.07,few clouds
675,Grand Gaube,MU,-20.0064,57.6608,73.38,78,10,8.99,clear sky
676,Altay,CN,47.8667,88.1167,38.95,45,91,7.85,overcast clouds
677,Do Gonbadan,IR,30.3586,50.7981,78.89,34,0,0.0,clear sky
678,Wuwei,CN,37.9281,102.6414,42.44,42,7,1.07,clear sky
679,Laguna,US,38.421,-121.4238,79.47,31,1,3.0,clear sky
680,Aegviidu,EE,59.2858,25.6142,44.17,77,35,9.24,scattered clouds
681,Ketchikan,US,55.3422,-131.6461,43.27,70,20,9.22,few clouds
682,Hambantota,LK,6.1241,81.1185,79.9,81,63,16.78,broken clouds
683,Vidim,RU,56.4088,103.1106,24.94,89,21,2.86,few clouds
684,Marion,US,39.7684,-86.1555,67.55,44,20,14.97,few clouds
685,Srandakan,ID,-7.9386,110.2506,57.72,89,57,2.71,broken clouds
686,Qujing,CN,25.4833,103.7833,47.68,97,35,4.7,scattered clouds
687,Sain Alto,MX,23.5833,-103.25,71.91,41,7,6.85,clear sky
688,Husavik,IS,66.0449,-17.3389,35.51,86,100,15.73,light rain
689,Ilebo,CD,-4.3167,20.5833,76.17,82,100,2.35,overcast clouds
690,Idil,TR,37.3411,41.8895,67.62,41,79,6.71,broken clouds
691,Boguchany,RU,58.3814,97.4531,31.14,94,41,2.71,scattered clouds
692,Harnosand,SE,62.6323,17.9379,41.0,61,62,22.97,broken clouds
693,Bibiani,GH,6.4635,-2.3194,73.38,96,43,0.85,light rain
694,Ballina,AU,-28.8667,153.5667,58.78,70,98,4.45,overcast clouds
695,Omboue,GA,-1.5746,9.2618,76.51,84,87,7.49,overcast clouds
696,Simplicio Mendes,BR,-7.8539,-41.9103,98.15,19,100,9.35,overcast clouds
697,Salym,RU,60.0625,71.4789,40.64,80,78,8.12,broken clouds
698,Caidian,CN,30.5833,114.0333,53.73,74,100,5.37,light rain
699,Galveston,US,29.3669,-94.9669,76.08,46,1,4.0,clear sky
700,Gallup,US,35.5281,-108.7426,70.56,24,1,1.99,clear sky
701,Concordia,AR,-31.393,-58.0209,72.79,46,0,8.01,clear sky
702,Pacific Grove,US,36.6177,-121.9166,75.58,78,1,4.0,clear sky
703,Tabas,IR,33.5959,56.9244,69.26,16,0,2.77,clear sky
704,Buriti Dos Lopes,BR,-3.175,-41.8669,87.55,64,82,11.56,broken clouds
705,Dinkelsbuhl,DE,49.0694,10.3199,49.05,87,100,2.13,overcast clouds
706,Ishigaki,JP,24.3448,124.1572,75.76,69,89,19.91,overcast clouds
707,Velikooktyabrskiy,RU,57.4333,33.8159,39.9,85,100,7.74,light rain
708,Kerchevskiy,RU,59.946,56.2884,41.5,83,100,9.75,overcast clouds
709,Barda,AZ,40.3744,47.1267,63.39,77,7,2.71,clear sky
710,Tolbazy,RU,54.0241,55.8825,47.16,60,100,5.79,light rain
711,Fuyang,CN,32.9,115.8167,50.63,70,99,5.17,overcast clouds
712,Shimanovsk,RU,52.0,127.7,22.03,51,11,4.45,few clouds
713,Lobito,AO,-12.3481,13.5456,73.94,79,39,3.33,scattered clouds
714,Lake Charles,US,30.2131,-93.2044,75.18,33,1,6.91,clear sky
715,Ust-Kuyga,RU,70.0167,135.6,-11.4,100,84,4.74,broken clouds
716,Takoradi,GH,4.8845,-1.7554,79.2,85,47,10.87,scattered clouds
717,Papa,HU,47.33,17.4674,49.42,93,0,0.0,clear sky
